hidden_size,num_layers,learning_rate,num_epochs,rmse,mae,r2,avg_epoch_time,epoch_losses
50,2,0.1,30,179.63782,128.72362,-0.04035001993179321,20.2548330783844,"[80305.0006290086, 35890.32005543271, 35884.29828973629, 35883.715474091245, 35886.11871098015]"
50,2,0.05,30,181.10347,129.76442,-0.06570875644683838,19.85036187171936,"[101299.95443499036, 35877.528808860276, 35879.149599166936, 35875.17453216153, 35874.87845021877]"
50,2,0.01,30,180.73189,128.64311,-0.05696535110473633,19.819443798065187,"[265812.71741708816, 35850.06660761271, 35850.28702235326, 35846.865342519166, 35855.860386877604]"
50,2,0.005,30,180.67253,128.9029,-0.056773841381073,19.73593024412791,"[474324.73563781474, 36883.49995728872, 35850.09176129337, 35851.03790696323, 35859.32550675172, 35849.30253541105]"
50,2,0.001,30,17.49769,13.3821125,0.9889509677886963,19.84799366792043,"[1137526.6136650518, 617718.0414889806, 296504.7169269412, 110454.0287824739, 39252.77769530184, 24772.70075775546, 20160.835406007725, 14845.755665541736, 11728.502647033425, 7412.5388629863355, 3237.7757273115967, 1747.4690996309555, 1131.3912682278187, 917.8463343220507, 773.8414588666899, 628.6006487719877, 518.1408593683263, 455.7294446198701, 402.8905181413655, 368.94683847026533, 350.30584277336254, 330.22135568498004, 309.4223816530153, 296.6972171242581, 289.16418387861233, 285.72168177886823, 271.7555701693593, 275.8046650412822, 254.14481206934525, 249.16572718797292]"
50,2,0.0005,30,180.94058,128.5487,-0.05991452932357788,19.938558725210335,"[1298642.6020912938, 970559.7660770332, 709090.5046013579, 507225.3339417303, 347505.86640283844, 221784.17006899905, 129480.01162173341, 70002.93156706297, 41485.95065001109, 35920.59768889981, 35843.91194039557, 35841.94037491578, 35843.195671248126]"
50,2,0.0001,30,374.227,289.6312,-2.7134299278259277,19.931726241111754,"[1449267.9928356986, 1370998.6298273744, 1296033.0422864356, 1223839.4293634007, 1154417.247910412, 1087762.076393627, 1023876.4438540529, 962768.358760917, 904408.1818112036, 848793.288218136, 795937.0234460289, 745836.2688233488, 698472.0967692413, 653762.8212677402, 611688.06433372, 571949.5803553152, 534059.4048768423, 497617.9998550082, 462639.1937517058, 429018.46072001226, 396791.44531676447, 365955.25504486216, 336506.1347826829, 308430.35156676447, 281756.7089545237, 256462.15722229803, 232556.55819502252, 210030.08742153386, 188910.52730536982, 169150.16569152565]"
50,2,5e-05,30,743.57465,567.23486,-12.950129508972168,19.924706260363262,"[1469537.6504162117, 1428768.9135848798, 1389826.8163721343, 1351564.591174263, 1313969.7731304585, 1277091.6051787664, 1240910.172011463, 1205444.3145128274, 1170666.213265898, 1136528.199329626, 1103174.401260576, 1070455.8764499181, 1038427.0031386463, 1007129.2459487582, 976526.4598543259, 946577.7331809498, 917326.376100232, 888810.3740447598, 860981.2780687091, 833824.6696404204, 807343.3677845252, 781608.5982532752, 756528.709240243, 732171.3519036572, 708473.9609460289, 685469.1396697598, 663133.1500409389, 641521.7992545716, 620505.7536759689, 600127.8370164096]"
50,3,0.1,30,180.32237,128.60074,-0.05051088333129883,21.438690090179442,"[88356.96002823609, 35877.34464287238, 35882.72133013463, 35878.4222518721, 35885.83548386753]"
50,3,0.05,30,181.86002,128.65457,-0.07409226894378662,21.308637285232543,"[135683.19136893592, 35858.61985432321, 35859.46551806854, 35869.61994314402, 35858.032540933535]"
50,3,0.01,30,180.96791,128.80133,-0.06109517812728882,21.19035186767578,"[263929.4015894727, 35849.318223311915, 35850.98461860757, 35850.84384261885, 35853.44874206276]"
50,3,0.005,30,180.52469,128.78989,-0.054193973541259766,21.219939668973286,"[474218.5752923291, 36852.97420758243, 35853.26874885392, 35854.02082431577, 35846.42570115801, 35848.489891485355]"
50,3,0.001,30,25.20287,15.872816,0.9746161699295044,21.33067368666331,"[1136560.9695687774, 617129.80584317, 296077.6894211415, 110250.17684523403, 40433.300086808515, 26658.895624019173, 21639.30814861314, 16878.816093811303, 13556.857410980625, 11990.30628330947, 10708.83733307951, 9564.987021417077, 9336.7730049733, 8482.902458449118, 7542.679716584985, 7389.134232783422, 7078.286585270577, 5059.353206022338, 2079.2267773953067, 1323.9595950919988, 1159.5094286781211, 1047.5210523079577, 1008.4208153210352, 960.9715013327036, 925.9255107885886, 901.4400769362803, 878.9732189194084, 839.6970383829425, 899.508870620915, 796.6285090555791]"
50,3,0.0005,30,180.66676,128.6774,-0.05600219964981079,21.33902483720046,"[1298365.3032631688, 970509.085323417, 709184.6858539165, 507373.96460920444, 347689.1159572018, 221941.77679576623, 129606.68590828842, 70043.13011629196, 41498.582170111644, 35914.45512223556, 35841.78350516906, 35842.66348919598, 35846.471855063624]"
50,3,0.0001,30,374.454,289.75797,-2.7175588607788086,21.134343417485557,"[1448650.1601391921, 1370490.2188352894, 1295600.086790393, 1223433.0733829148, 1154128.0585084606, 1087518.5040682997, 1023733.1442668531, 962679.1131192003, 904374.0887605759, 848850.9063949918, 796031.0578943777, 746008.5566235671, 698673.5152156113, 654046.885985262, 612030.0147507846, 572314.9068768764, 534421.5256336995, 497996.0633784798, 462961.2202382983, 429348.04233760916, 397101.3230971957, 366246.4562807041, 336786.83612940094, 308706.7439380629, 282008.3225641376, 256709.944001177, 232796.26940118382, 210247.01485526405, 189106.40819886053, 169332.5623560743]"
50,3,5e-05,30,744.20337,567.6225,-12.970069885253906,20.031972146034242,"[1470236.9333378822, 1429990.8966634825, 1390997.9001944596, 1352760.3862752456, 1315183.9452101528, 1278298.1303561681, 1242112.3755884962, 1206582.5212285072, 1171827.452903248, 1137687.6809241949, 1104308.7207542986, 1071595.2887639874, 1039575.0963086791, 1008269.494626774, 977618.2571643014, 947688.5875835835, 918459.2636207014, 889911.6865191731, 862071.9592828875, 834898.138185726, 808427.470336381, 782670.4052691731, 757589.3731236354, 733214.1891801993, 709509.8458822325, 686485.7912373772, 664161.9830402224, 642486.7094406728, 621489.9644983283, 601109.06134433]"
50,4,0.1,30,180.5157,128.51703,-0.05317467451095581,21.33026580810547,"[80403.44149966844, 35900.50266289191, 35887.66236550943, 35888.24782912075, 35893.465179709885]"
50,4,0.05,30,181.12952,127.80075,-0.06031984090805054,21.474178075790405,"[113377.77267016281, 35872.13499164165, 35873.342768639974, 35869.658826536484, 35868.15866088867]"
50,4,0.01,30,180.93033,127.94249,-0.057717323303222656,21.401027250289918,"[263688.834914095, 35849.28334305276, 35852.6329101829, 35862.795821810396, 35849.456683163036]"
50,4,0.005,30,181.3484,127.594986,-0.06294894218444824,21.411123434702557,"[474863.98259938334, 36865.709015159104, 35849.63753766056, 35851.64102832511, 35846.029249632724, 35854.390742805845]"
50,4,0.001,30,180.90454,128.57587,-0.05942893028259277,21.353253973854912,"[1138600.1517723117, 618356.1020827647, 296855.3607652156, 110560.98096502712, 41642.26852996693, 35843.22407751625, 35846.82450446916, 35841.660403489026, 35850.06770944387]"
50,4,0.0005,30,180.72006,128.73767,-0.05708974599838257,21.29101531322186,"[1299117.3917422898, 971037.2944613128, 709602.1399810658, 507656.33294811, 347875.2806465782, 222068.4512294453, 129710.31108206537, 70100.4622450916, 41575.220110630886, 35924.036378419034, 35845.18185691334, 35844.028601500664, 35844.646983184146]"
50,4,0.0001,30,375.6909,290.68036,-2.7403337955474854,21.358251865704855,"[1450542.7562772925, 1373812.8589656113, 1299507.354138237, 1227152.5929141648, 1157665.7072103575, 1090961.264780636, 1027017.2147499318, 965789.3216685998, 907383.8888850983, 851719.9580888373, 798782.9131925491, 748594.0717538892, 701146.3814819868, 656370.8353319459, 614210.8435538346, 574391.3404493041, 536411.1683568163, 499930.1887708106, 464810.4112308952, 431131.01390642056, 398806.0919503957, 367880.66946557723, 338331.73357328057, 310196.0635810419, 283427.0654232908, 258043.04995607602, 234033.82341063386, 211442.45479453806, 190216.3226472946, 170368.6438094893]"
50,4,5e-05,30,743.69525,567.3137,-12.952568054199219,21.40260526339213,"[1469101.8913926037, 1428757.1675423034, 1389810.5073519377, 1351540.1614697052, 1313967.2542985808, 1277112.4207491812, 1240943.6799604257, 1205475.0762486353, 1170660.1707150654, 1136592.7066389192, 1103216.6939308133, 1070511.2422557315, 1038501.7619234443, 1007191.5067719705, 976596.0179875137, 946687.3803988128, 917439.8939768695, 888904.3087302129, 861088.4279731851, 833961.294674536, 807509.9063949918, 781765.8343425901, 756685.6806597981, 732313.5861336654, 708620.2147072871, 685632.1117972161, 663317.8148625137, 641697.8651576146, 620701.6807919964, 600335.4760251774]"
100,2,0.1,30,178.97173,129.90793,-0.0331653356552124,20.361694002151488,"[62685.31432545758, 35909.157507750664, 35915.21387051911, 35916.245363193826, 35918.00292129184]"
100,2,0.05,30,182.71976,127.19387,-0.08209985494613647,20.314916467666627,"[84011.4756197867, 35888.00139168152, 35885.03137820048, 35881.60935087912, 35881.3344006934]"
100,2,0.01,30,180.66173,128.32642,-0.05491316318511963,20.256706285476685,"[153764.9683772591, 35856.15706171427, 35858.72739247151, 35855.728038404704, 35861.49586999885]"
100,2,0.005,30,180.85059,128.4839,-0.05827367305755615,20.290927600860595,"[266835.67910420115, 35850.265933240866, 35856.10684977036, 35850.39381601925, 35852.40576131896]"
100,2,0.001,30,12.489048,8.393791,0.9946783185005188,20.38666676680247,"[886613.1514098322, 225806.8042141444, 40056.79027160911, 19529.085466776352, 5482.637249580117, 1545.8528851078067, 975.3833307834692, 779.1243608070773, 663.5950983106829, 572.2548675318473, 518.3703590001602, 469.86128539185336, 442.87712937723603, 414.04947179790145, 396.3428672049764, 375.23244135817066, 365.6901105376831, 352.7490866294855, 332.67265509596035, 307.64755648660866, 291.2312454209057, 278.3175061915119, 283.5246226113436, 282.5025453687235, 249.3016698068927, 231.04556797399272, 225.24883650145676, 220.94031750713373, 208.64994875026062, 213.95706748493893]"
100,2,0.0005,30,10.757427,7.3021564,0.9956105947494507,20.525924801826477,"[1137920.7277480213, 621599.9580547216, 301137.4093204148, 113829.07876466976, 40053.98136961825, 23500.437887533262, 13263.950065571147, 5426.38173693861, 1994.7288365738882, 940.277872078804, 602.4913985695381, 419.4257319743977, 299.9576008408351, 230.56289066107513, 192.6483977499487, 162.27583756977813, 144.63118248553255, 129.8560136457718, 118.59628316603894, 108.37998045011379, 99.97320666844148, 93.67901927694743, 89.00188481196045, 83.69922041164214, 79.25318941070523, 77.44209384937734, 74.6715301269397, 73.98758341105224, 68.64972318832531, 67.74101487804188]"
100,2,0.0001,30,180.84143,128.61363,-0.05863410234451294,20.47917628288269,"[1408026.8798956058, 1259669.1287271425, 1122835.9558798445, 996755.1580069596, 881398.5431393286, 776708.4828312637, 682541.7480127593, 598449.1532989902, 522798.7673776951, 453283.6267953398, 389148.6969287323, 330450.85611481644, 277164.9560163073, 229258.60049851597, 186737.57128693027, 149584.40220408878, 117811.65355485807, 91363.75223084829, 70242.82025546278, 54353.43485736431, 43641.61647266904, 37833.55046181491, 36023.71069695752, 35846.13984167107, 35841.06298288404, 35843.57646025945]"
100,2,5e-05,30,380.3997,294.17963,-2.8286774158477783,20.486532457669576,"[1447308.2328739082, 1369707.0956945962, 1295507.688472298, 1224068.0180386873, 1155309.4789420716, 1089280.1889755048, 1025962.5762656932, 965355.562380595, 907477.8094039983, 852285.43566628, 799775.5762145197, 749966.8671107396, 702859.9330649563, 658359.3215491949, 616438.0425508324, 576849.8439802811, 539124.5991658706, 502879.1383307178, 468009.03321165394, 434498.263616437, 402333.3592769173, 371562.5480349345, 342126.6249296363, 314068.80590926926, 287355.9725986797, 262018.7391725232, 238032.6020870292, 215395.841732908, 194129.04116061682, 174215.18393277496]"
100,3,0.1,30,180.91087,129.15057,-0.061176598072052,21.728241777420045,"[63092.79592242512, 35921.23511981548, 35911.79336801054, 35916.87757253855, 35916.88062669512]"
100,3,0.05,30,180.54807,127.36311,-0.04995858669281006,22.117512512207032,"[79711.70993081972, 35886.61734395256, 35888.9986405685, 35888.86978056129, 35885.733585007845]"
100,3,0.01,30,181.33228,127.75458,-0.06335997581481934,21.939941596984863,"[160354.9925197285, 35859.54528435453, 35862.41692808726, 35873.16412420148, 35855.93968433896]"
100,3,0.005,30,181.55829,128.56543,-0.06926822662353516,21.85280284881592,"[269434.30620751524, 35849.34696567319, 35856.04080133563, 35849.195220347574, 35860.77382476674]"
100,3,0.001,30,15.917845,11.748438,0.9900108575820923,22.022468010584515,"[888594.7436118313, 226521.305916199, 43256.73007348739, 35843.67001022938, 27388.063136004985, 16588.184243014806, 7734.720502682649, 1414.2137039530226, 803.874239600902, 570.8291476569322, 479.02950775727436, 424.98948808632565, 436.13149169855245, 417.7205572732151, 354.7715266396385, 390.1609801626622, 352.50160903805727, 346.5959452502592, 269.3794149139563, 255.03881780132977, 239.86446074861627, 215.43105116161198, 206.5743150210016, 256.8572114087869, 225.67747524484795, 168.75717188437432, 170.5194848748534, 153.8351072380116, 179.57836094225337, 148.73061255824356]"
100,3,0.0005,30,19.066093,12.317503,0.9878194332122803,21.98805071512858,"[1138635.1572990585, 622030.7795484784, 301533.1194391376, 114075.43369236575, 41301.111864381484, 26508.7118828786, 20068.794659743664, 11219.934905156299, 5340.627085938724, 2835.31156994474, 1817.9127908856588, 1504.6296243771715, 752.1250250261423, 380.89688097259364, 266.8148638970467, 217.37786652024135, 208.11051972347056, 185.51822049388718, 170.9529206765791, 166.93137048412618, 153.22097744054147, 144.07726214455204, 139.65800271791662, 130.571503083974, 126.72399216226616, 116.5782490237311, 121.28642708609718, 104.68766241549925, 111.01602901811162, 115.57307044634652]"
100,3,0.0001,30,180.79933,128.56747,-0.057761967182159424,21.77547970184913,"[1407952.544810999, 1259800.9343442959, 1122944.8691491538, 996922.4664983625, 881588.7064086382, 776890.9116402839, 682729.1650262692, 598652.9286043259, 523015.5862530704, 453452.41385780566, 389329.68562363536, 330607.32221658365, 277285.1199999147, 229349.75277616674, 186853.74670463463, 149687.5112091464, 117892.72297182042, 91443.10835739202, 70290.12869196064, 54405.00588842667, 43668.69374370991, 37851.62234230541, 36025.398503199416, 35845.283070393525, 35841.03951613247, 35850.259901688085]"
100,3,5e-05,30,380.15906,293.9766,-2.823951005935669,21.86690559387207,"[1446183.41111149, 1368752.6607362172, 1294595.9447666486, 1223134.943248499, 1154450.4355895196, 1088486.2164983624, 1025212.9253974481, 964664.7658979257, 906800.3001756959, 851656.1022021697, 799170.6546593545, 749412.9195210153, 702341.682118245, 657908.6502285753, 616046.8948724072, 576484.0066909457, 538779.1038439889, 502538.69352568913, 467668.24503616267, 434159.110044521, 402024.76400450326, 371255.8959854326, 341855.59766051447, 313804.9735496554, 287100.94366215204, 261772.02404305403, 237798.35438557586, 215177.13573792303, 193925.68878786845, 174028.99519821233]"
100,4,0.1,30,181.4268,128.07574,-0.06573837995529175,23.53156237602234,"[61422.96635550287, 35917.60582829771, 35924.69069661636, 35926.2978226441, 35930.978717654034]"
100,4,0.05,30,179.63057,129.89908,-0.0433925986289978,23.528932094573975,"[80172.82780756388, 35895.263406278784, 35889.72273540913, 35891.94745845878, 35889.3512521269]"
100,4,0.01,30,180.83307,127.671585,-0.05529743432998657,23.63693251609802,"[156998.13873264362, 35856.06109499202, 35862.21135728328, 35862.413354865326, 35860.69461299446]"
100,4,0.005,30,179.84851,128.86931,-0.04398840665817261,23.748173570632936,"[268197.28561214794, 35851.532420595664, 35849.293552115494, 35853.16842558082, 35852.30398426306]"
100,4,0.001,30,57.235516,41.05341,0.8651285171508789,23.631506363550823,"[888621.0104522039, 226612.93932412492, 43257.087335178425, 56347.85583682664, 95516.85616105924, 30769.16326917623, 18958.911356430388, 11473.159254981962, 9869.098743805198, 9554.86594262602, 9150.377983593004, 6786.70533445933, 6401.8699612096925, 2912.2306927426935, 1665.4456226294737, 1520.1456169353303, 1496.8156858677428, 1453.2487802130686, 1453.1429197902762, 1427.1770702803499, 1391.9169579322681, 1499.684377145559, 1394.7785625541053, 1404.1426060938938, 1357.4076223769043, 1303.7770966067585, 1278.8709037772433, 1274.7464886482105, 1150.5486835111176, 1124.687034538219]"
100,4,0.0005,30,10.80251,6.682327,0.9958921670913696,23.686289111773174,"[1138733.7401832014, 622094.5364824986, 301534.62570683507, 114028.4999440289, 42458.71100479859, 35132.92089390651, 22158.818561803826, 12927.998571021068, 4250.853190994679, 1229.2080744590821, 560.4237459243385, 315.3647123702749, 201.049945035746, 144.93709212971046, 112.67211787981758, 98.65873002797755, 85.17184993657223, 86.65605609961602, 75.77973299704524, 72.38702375623987, 69.16009808009629, 61.05945321585674, 59.64172872315328, 59.832926076377326, 58.19640142200555, 55.477728669820394, 50.609960193587185, 54.800428680327265, 65.76384648439925, 53.0141550022702]"
100,4,0.0001,30,180.84909,128.51158,-0.05835455656051636,23.441848644843468,"[1408741.9868995633, 1260563.6461602757, 1123644.164787459, 997506.4987633051, 882073.1517637827, 777299.3115703466, 683044.4863537118, 598908.2917789642, 523243.7701837132, 453634.0896987582, 389494.4193120565, 330755.4307429551, 277440.26186800626, 229482.11076521562, 186957.89350138168, 149782.17073852007, 117967.03163166963, 91506.4210652847, 70348.05228127558, 54442.90265932042, 43675.07934063907, 37847.62544710251, 36029.7288677099, 35849.599765960826, 35841.14429217343, 35847.4906570901]"
100,4,5e-05,30,380.1479,293.96017,-2.8239264488220215,23.473526350657146,"[1446505.4484682041, 1369147.158928084, 1294968.751466976, 1223519.7159780976, 1154809.7159695688, 1088752.5810077784, 1025494.5435060726, 964888.6611285481, 907014.6285224481, 851832.8844500546, 799318.5862871861, 749541.2608232123, 702405.7244046807, 657955.0286529408, 616031.6913721343, 576460.7932928493, 538731.8652940776, 502511.23065638647, 467667.42710323416, 434154.8900023881, 402022.6710263715, 371239.9303399632, 341825.3988170374, 313770.8991283433, 287086.09991428425, 261758.77322427675, 237793.55961082492, 215174.3500208959, 193919.14293420783, 174016.63495965817]"
